method,penalty_rate,transaction_cost,mean_revenue,mean_regret,cvar_10,negative_revenue_days,mean_imbalance_penalty,mean_transaction_penalty,scenario
DF policy search (revenue),45.0,0.0,21.638520953818713,11.831393312215427,-1.8528591943225292,115,3.391714267553598,0.0,Base settlement
DF policy search (risk-adjusted),45.0,0.0,21.48727239232236,11.982641873711778,-1.275977379091647,110,3.402472932484445,0.0,Base settlement
Rolling-28d mean FTO,45.0,0.0,21.38113421647256,12.088780049561574,-1.5002792282935462,110,3.4420658356739615,0.0,Base settlement
Robust quantile FTO,45.0,0.0,21.127734784256372,12.342179481777762,-0.5845049434594567,97,3.2949798191944777,0.0,Base settlement
DF policy search (revenue),70.0,3.0,10.154235249622264,13.71567901641187,-14.124820210263554,386,5.275999971750041,9.599999999999998,High penalty + transaction cost
DF policy search (risk-adjusted),70.0,3.0,9.997009652053219,13.872904613980914,-13.488383412141095,388,5.292735672753582,9.599999999999998,High penalty + transaction cost
Rolling-28d mean FTO,70.0,3.0,9.868875418875916,14.001038847158222,-13.804817253816026,386,5.354324633270607,9.599999999999998,High penalty + transaction cost
Robust quantile FTO,70.0,3.0,9.69719044025944,14.172723825774698,-12.558052779328104,365,5.125524163191409,9.599999999999998,High penalty + transaction cost
